1283.65,132.35,2.44,4.02,4.21,5.72,3.00,0.10,0.85,0.10
212.65,132.20,1.86,3.41,3.43,5.11,3.00,0.10,0.85,0.60
119.04,134.71,1.57,3.19,3.13,4.90,3.00,0.10,0.85,1.10
84.51,137.47,1.45,3.07,2.96,4.77,3.00,0.10,0.85,1.60
229.00,107.22,1.85,3.10,3.74,4.44,3.00,0.10,1.35,0.60
126.41,108.44,1.60,2.89,3.39,4.23,3.00,0.10,1.35,1.10
89.11,110.16,1.49,2.75,3.15,4.10,3.00,0.10,1.35,1.60
191.07,20.07,2.04,3.59,3.74,5.30,3.00,0.60,0.85,0.10
31.12,19.74,1.27,2.86,2.84,4.56,3.00,0.60,0.85,0.60
19.23,21.48,1.08,2.64,2.46,4.34,3.00,0.60,0.85,1.10
14.89,23.22,0.92,2.52,2.22,4.22,3.00,0.60,0.85,1.60
242.08,18.31,2.02,3.29,3.87,4.64,3.00,0.60,1.35,0.10
34.86,16.39,1.33,2.56,3.08,3.92,3.00,0.60,1.35,0.60
20.59,17.37,1.11,2.34,2.64,3.69,3.00,0.60,1.35,1.10
15.62,18.57,0.95,2.19,2.36,3.55,3.00,0.60,1.35,1.60
16.40,16.00,0.98,2.03,2.62,3.20,3.00,0.60,1.85,1.60
89.12,9.62,1.99,3.57,3.83,5.27,3.00,1.10,0.85,0.10
13.85,9.16,1.17,2.65,2.76,4.36,3.00,1.10,0.85,0.60
9.50,10.63,0.87,2.43,2.29,4.13,3.00,1.10,0.85,1.10
7.85,12.02,0.69,2.31,2.01,4.03,3.00,1.10,0.85,1.60
132.38,9.85,2.04,3.28,3.81,4.63,3.00,1.10,1.35,0.10
10.13,8.54,0.88,2.14,2.53,3.49,3.00,1.10,1.35,1.10
8.20,9.55,0.76,2.01,2.17,3.36,3.00,1.10,1.35,1.60
175.77,10.14,2.00,3.10,3.80,4.25,3.00,1.10,1.85,0.10
8.55,8.17,0.79,1.85,2.43,3.01,3.00,1.10,1.85,1.60
54.35,5.95,2.09,3.67,4.07,5.37,3.00,1.60,0.85,0.10
7.79,5.26,0.99,2.49,2.83,4.19,3.00,1.60,0.85,0.60
5.90,6.55,0.69,2.26,2.20,3.97,3.00,1.60,0.85,1.10
5.22,7.72,0.58,2.17,1.91,3.88,3.00,1.60,0.85,1.60
96.39,7.00,2.15,3.38,3.78,4.72,3.00,1.60,1.35,0.10
6.21,5.20,0.73,1.97,2.53,3.34,3.00,1.60,1.35,1.10
5.37,6.09,0.62,1.86,2.07,3.22,3.00,1.60,1.35,1.60
140.22,7.72,2.04,3.14,3.54,4.30,3.00,1.60,1.85,0.10
41.51,4.47,2.32,3.86,4.27,5.58,3.00,2.10,0.85,0.10
4.17,4.49,0.51,2.13,2.16,3.82,3.00,2.10,0.85,1.10
3.91,5.50,0.44,2.05,1.81,3.75,3.00,2.10,0.85,1.60
86.96,5.99,2.24,3.51,3.70,4.85,3.00,2.10,1.35,0.10
3.97,4.29,0.48,1.74,2.01,3.09,3.00,2.10,1.35,1.60
131.77,6.85,2.13,3.21,3.40,4.37,3.00,2.10,1.85,0.10
41.60,4.24,2.55,4.16,4.29,5.88,3.00,2.60,0.85,0.10
3.29,3.29,0.32,1.98,2.09,3.67,3.00,2.60,0.85,1.10
3.23,4.17,0.30,1.92,1.73,3.63,3.00,2.60,0.85,1.60
92.18,5.89,2.33,3.64,3.60,4.99,3.00,2.60,1.35,0.10
3.24,3.23,0.33,1.61,1.96,2.97,3.00,2.60,1.35,1.60
23.64,6.69,4.47,5.59,5.46,6.75,3.00,2.60,1.85,0.60
54.11,4.90,2.79,4.42,4.16,6.13,3.00,3.10,0.85,0.10
3.00,2.55,0.00,1.79,2.04,3.51,3.00,3.10,0.85,1.10
3.00,3.31,0.00,1.82,1.65,3.51,3.00,3.10,0.85,1.60
108.51,6.31,2.44,3.74,3.50,5.09,3.00,3.10,1.35,0.10
13.18,4.96,4.04,5.34,5.14,6.68,3.00,3.10,1.35,0.60
3.00,2.56,0.00,1.50,1.92,2.85,3.00,3.10,1.35,1.60
18.21,5.26,5.87,6.98,6.88,8.13,3.00,3.10,1.85,0.60
77.78,6.09,2.93,4.58,4.03,6.28,3.00,3.60,0.85,0.10
3.00,2.08,0.00,1.66,1.98,3.35,3.00,3.60,0.85,1.10
3.00,2.73,0.00,1.70,1.58,3.40,3.00,3.60,0.85,1.60
10.01,3.88,3.47,4.78,4.63,6.13,3.00,3.60,1.35,0.60
3.00,2.11,0.00,1.38,1.89,2.73,3.00,3.60,1.35,1.60
3.00,1.76,0.00,1.48,1.93,3.19,3.00,4.10,0.85,1.10
3.00,2.32,0.00,1.57,1.50,3.28,3.00,4.10,0.85,1.60
13.67,4.73,3.18,4.51,4.15,5.87,3.00,4.10,1.35,0.60
3.00,1.81,0.00,1.23,1.81,2.61,3.00,4.10,1.35,1.60
11.54,3.47,2.56,3.68,3.66,4.84,3.00,4.10,1.85,0.60
3.00,1.55,0.00,1.34,1.79,3.05,3.00,4.60,0.85,1.10
3.00,2.02,0.00,1.48,1.41,3.18,3.00,4.60,0.85,1.60
3.00,1.60,0.00,1.11,1.76,2.50,3.00,4.60,1.35,1.60
1947.81,177.36,2.25,3.80,3.69,5.51,3.50,0.10,0.85,0.10
325.87,177.19,1.68,3.28,3.04,4.98,3.50,0.10,0.85,0.60
181.34,179.62,1.50,3.10,2.80,4.80,3.50,0.10,0.85,1.10
126.30,182.25,1.35,2.98,2.66,4.70,3.50,0.10,0.85,1.60
2096.24,144.92,2.21,3.47,3.86,4.82,3.50,0.10,1.35,0.10
342.45,143.29,1.67,2.94,3.16,4.30,3.50,0.10,1.35,0.60
190.18,144.53,1.52,2.78,2.92,4.12,3.50,0.10,1.35,1.10
132.03,146.16,1.37,2.67,2.76,4.01,3.50,0.10,1.35,1.60
362.95,124.51,1.72,2.78,3.42,3.93,3.50,0.10,1.85,0.60
197.63,124.99,1.57,2.59,3.14,3.75,3.50,0.10,1.85,1.10
137.52,126.04,1.39,2.49,2.95,3.64,3.50,0.10,1.85,1.60
283.94,26.60,1.87,3.42,3.29,5.13,3.50,0.60,0.85,0.10
46.80,26.32,1.22,2.82,2.54,4.51,3.50,0.60,0.85,0.60
28.03,28.03,1.05,2.62,2.24,4.32,3.50,0.60,0.85,1.10
21.10,29.77,0.94,2.51,2.06,4.22,3.50,0.60,0.85,1.60
343.25,23.60,1.89,3.11,3.33,4.46,3.50,0.60,1.35,0.10
51.18,21.77,1.29,2.49,2.66,3.85,3.50,0.60,1.35,0.60
29.79,22.73,1.08,2.31,2.35,3.65,3.50,0.60,1.35,1.10
22.11,23.91,0.93,2.18,2.15,3.54,3.50,0.60,1.35,1.60
401.51,22.08,1.88,2.92,3.42,4.08,3.50,0.60,1.85,0.10
56.45,19.39,1.28,2.33,2.83,3.50,3.50,0.60,1.85,0.60
31.78,19.84,1.07,2.13,2.50,3.29,3.50,0.60,1.85,1.10
22.97,20.67,0.99,2.01,2.26,3.17,3.50,0.60,1.85,1.60
129.96,12.64,1.83,3.37,3.35,5.08,3.50,1.10,0.85,0.10
20.85,12.27,1.09,2.64,2.46,4.34,3.50,1.10,0.85,0.60
13.45,13.73,0.88,2.44,2.10,4.14,3.50,1.10,0.85,1.10
10.73,15.14,0.77,2.35,1.88,4.04,3.50,1.10,0.85,1.60
179.05,12.26,1.82,3.09,3.33,4.43,3.50,1.10,1.35,0.10
23.43,10.26,1.11,2.35,2.64,3.71,3.50,1.10,1.35,0.60
14.36,11.12,0.89,2.12,2.24,3.49,3.50,1.10,1.35,1.10
11.18,12.12,0.79,2.01,1.99,3.37,3.50,1.10,1.35,1.60
229.41,12.28,1.82,2.90,3.28,4.05,3.50,1.10,1.85,0.10
15.39,9.71,0.92,1.99,2.42,3.14,3.50,1.10,1.85,1.10
11.70,10.45,0.76,1.84,2.12,3.01,3.50,1.10,1.85,1.60
75.13,7.60,1.91,3.42,3.53,5.11,3.50,1.60,0.85,0.10
11.49,7.08,0.96,2.49,2.49,4.21,3.50,1.60,0.85,0.60
8.09,8.38,0.75,2.30,2.05,4.01,3.50,1.60,0.85,1.10
6.84,9.59,0.64,2.22,1.80,3.91,3.50,1.60,0.85,1.60
120.35,8.23,1.85,3.13,3.37,4.49,3.50,1.60,1.35,0.10
13.08,5.93,1.09,2.26,2.79,3.61,3.50,1.60,1.35,0.60
8.59,6.74,0.80,2.02,2.21,3.36,3.50,1.60,1.35,1.10
7.08,7.63,0.67,1.90,1.90,3.25,3.50,1.60,1.35,1.60
170.13,8.85,1.84,2.95,3.23,4.10,3.50,1.60,1.85,0.10
7.36,6.54,0.65,1.73,2.08,2.89,3.50,1.60,1.85,1.60
51.45,5.26,2.00,3.54,3.78,5.24,3.50,2.10,0.85,0.10
7.04,4.50,0.83,2.36,2.60,4.07,3.50,2.10,0.85,0.60
5.45,5.67,0.59,2.16,2.02,3.88,3.50,2.10,0.85,1.10
4.89,6.73,0.50,2.10,1.73,3.80,3.50,2.10,0.85,1.60
97.23,6.49,1.95,3.24,3.41,4.60,3.50,2.10,1.35,0.10
5.73,4.51,0.69,1.89,2.27,3.24,3.50,2.10,1.35,1.10
5.02,5.31,0.53,1.79,1.87,3.14,3.50,2.10,1.35,1.60
148.90,7.41,1.92,3.01,3.16,4.17,3.50,2.10,1.85,0.10
5.18,4.51,0.57,1.62,2.12,2.79,3.50,2.10,1.85,1.60
42.20,4.25,2.20,3.74,3.96,5.46,3.50,2.60,0.85,0.10
4.69,3.03,0.74,2.19,2.82,3.91,3.50,2.60,0.85,0.60
4.04,4.09,0.51,2.03,1.98,3.75,3.50,2.60,0.85,1.10
3.80,5.02,0.36,2.00,1.67,3.69,3.50,2.60,0.85,1.60
92.94,5.89,2.07,3.38,3.39,4.73,3.50,2.60,1.35,0.10
3.86,3.94,0.39,1.68,1.83,3.03,3.50,2.60,1.35,1.60
146.46,6.91,1.97,3.09,3.11,4.25,3.50,2.60,1.85,0.10
44.75,4.22,2.48,4.03,3.99,5.74,3.50,3.10,0.85,0.10
3.27,3.11,0.32,1.92,1.95,3.61,3.50,3.10,0.85,1.10
3.20,3.92,0.29,1.88,1.62,3.59,3.50,3.10,0.85,1.60
102.30,5.99,2.22,3.50,3.34,4.86,3.50,3.10,1.35,0.10
3.22,3.06,0.23,1.55,1.83,2.92,3.50,3.10,1.35,1.60
158.56,6.94,2.04,3.17,3.03,4.33,3.50,3.10,1.85,0.10
26.51,6.86,4.29,5.40,5.17,6.56,3.50,3.10,1.85,0.60
59.01,4.95,2.66,4.28,3.90,5.98,3.50,3.60,0.85,0.10
3.00,2.46,0.00,1.77,1.92,3.46,3.50,3.60,0.85,1.10
3.00,3.17,0.00,1.77,1.57,3.48,3.50,3.60,0.85,1.60
122.18,6.52,2.32,3.62,3.28,4.96,3.50,3.60,1.35,0.10
15.27,5.25,3.89,5.18,4.86,6.52,3.50,3.60,1.35,0.60
3.00,2.47,0.00,1.46,1.80,2.81,3.50,3.60,1.35,1.60
22.42,5.83,5.62,6.74,6.51,7.90,3.50,3.60,1.85,0.60
85.16,6.21,2.79,4.44,3.80,6.13,3.50,4.10,0.85,0.10
3.00,2.03,0.00,1.59,1.89,3.32,3.50,4.10,0.85,1.10
3.00,2.65,0.00,1.68,1.51,3.37,3.50,4.10,0.85,1.60
11.07,4.00,3.39,4.64,4.42,5.99,3.50,4.10,1.35,0.60
3.00,2.07,0.00,1.32,1.79,2.70,3.50,4.10,1.35,1.60
7.22,2.35,2.48,3.56,4.09,4.73,3.50,4.10,1.85,0.60
3.00,1.74,0.00,1.48,1.80,3.17,3.50,4.60,0.85,1.10
3.00,2.27,0.00,1.56,1.44,3.26,3.50,4.60,0.85,1.60
15.01,4.84,3.09,4.38,3.97,5.74,3.50,4.60,1.35,0.60
3.00,1.79,0.00,1.23,1.72,2.59,3.50,4.60,1.35,1.60
12.48,3.53,2.47,3.57,3.48,4.73,3.50,4.60,1.85,0.60
2843.26,229.21,2.04,3.63,3.31,5.34,4.00,0.10,0.85,0.10
473.39,229.11,1.59,3.17,2.75,4.88,4.00,0.10,0.85,0.60
262.52,231.49,1.41,3.02,2.55,4.72,4.00,0.10,0.85,1.10
183.49,234.07,1.31,2.93,2.43,4.63,4.00,0.10,0.85,1.60
3013.14,186.54,2.05,3.30,3.39,4.65,4.00,0.10,1.35,0.10
496.06,184.86,1.58,2.84,2.82,4.19,4.00,0.10,1.35,0.60
272.98,186.05,1.43,2.69,2.62,4.03,4.00,0.10,1.35,1.10
190.07,187.67,1.32,2.58,2.49,3.94,4.00,0.10,1.35,1.60
3159.04,162.55,2.06,3.11,3.54,4.26,4.00,0.10,1.85,0.10
517.86,160.30,1.59,2.66,2.93,3.81,4.00,0.10,1.85,0.60
283.61,160.79,1.43,2.50,2.72,3.65,4.00,0.10,1.85,1.10
196.76,161.84,1.33,2.40,2.58,3.56,4.00,0.10,1.85,1.60
408.18,34.23,1.72,3.29,2.95,4.99,4.00,0.60,0.85,0.10
67.41,33.98,1.19,2.76,2.32,4.47,4.00,0.60,0.85,0.60
39.56,35.66,1.02,2.58,2.07,4.30,4.00,0.60,0.85,1.10
29.25,37.39,0.89,2.49,1.92,4.20,4.00,0.60,0.85,1.60
478.92,29.75,1.71,2.97,2.98,4.31,4.00,0.60,1.35,0.10
73.22,28.00,1.20,2.44,2.39,3.79,4.00,0.60,1.35,0.60
41.79,28.92,1.04,2.27,2.14,3.62,4.00,0.60,1.35,1.10
30.55,30.09,0.91,2.16,1.97,3.52,4.00,0.60,1.35,1.60
545.07,27.44,1.72,2.78,3.03,3.93,4.00,0.60,1.85,0.10
78.97,24.82,1.24,2.27,2.46,3.42,4.00,0.60,1.85,0.60
44.30,25.25,1.02,2.09,2.21,3.25,4.00,0.60,1.85,1.10
31.89,26.07,0.93,2.00,2.05,3.14,4.00,0.60,1.85,1.60
185.05,16.26,1.68,3.23,2.98,4.93,4.00,1.10,0.85,0.10
29.97,15.94,1.02,2.63,2.24,4.32,4.00,1.10,0.85,0.60
18.70,17.39,0.85,2.44,1.96,4.14,4.00,1.10,0.85,1.10
14.50,18.81,0.74,2.36,1.78,4.05,4.00,1.10,0.85,1.60
240.59,15.15,1.68,2.93,2.98,4.27,4.00,1.10,1.35,0.10
33.31,13.30,1.05,2.32,2.34,3.66,4.00,1.10,1.35,0.60
19.92,14.13,0.88,2.12,2.03,3.47,4.00,1.10,1.35,1.10
15.16,15.12,0.77,2.03,1.85,3.37,4.00,1.10,1.35,1.60
296.24,14.79,1.65,2.75,2.94,3.90,4.00,1.10,1.85,0.10
37.17,11.97,1.13,2.15,2.44,3.31,4.00,1.10,1.85,0.60
21.25,12.37,0.91,1.96,2.14,3.11,4.00,1.10,1.85,1.10
15.84,13.09,0.80,1.85,1.93,3.00,4.00,1.10,1.85,1.60
105.45,9.69,1.69,3.24,3.12,4.94,4.00,1.60,0.85,0.10
16.61,9.28,0.96,2.51,2.27,4.21,4.00,1.60,0.85,0.60
11.05,10.58,0.75,2.33,1.91,4.03,4.00,1.60,0.85,1.10
9.00,11.81,0.63,2.23,1.71,3.94,4.00,1.60,0.85,1.60
154.54,9.83,1.73,2.96,3.03,4.30,4.00,1.60,1.35,0.10
18.73,7.79,1.04,2.24,2.40,3.58,4.00,1.60,1.35,0.60
11.75,8.57,0.77,2.01,2.01,3.37,4.00,1.60,1.35,1.10
9.38,9.46,0.66,1.92,1.79,3.26,4.00,1.60,1.35,1.60
209.00,10.23,1.70,2.78,2.94,3.93,4.00,1.60,1.85,0.10
21.34,7.10,1.09,2.10,2.59,3.25,4.00,1.60,1.85,0.60
12.55,7.49,0.79,1.86,2.17,3.02,4.00,1.60,1.85,1.10
9.79,8.16,0.70,1.75,1.88,2.90,4.00,1.60,1.85,1.60
68.20,6.48,1.79,3.30,3.32,5.01,4.00,2.10,0.85,0.10
10.06,5.93,0.85,2.41,2.31,4.10,4.00,2.10,0.85,0.60
7.28,7.11,0.66,2.21,1.89,3.92,4.00,2.10,0.85,1.10
6.25,8.20,0.54,2.14,1.65,3.84,4.00,2.10,0.85,1.60
116.06,7.34,1.78,3.03,3.10,4.38,4.00,2.10,1.35,0.10
11.51,4.98,0.93,2.15,2.56,3.50,4.00,2.10,1.35,0.60
7.69,5.72,0.68,1.92,2.02,3.27,4.00,2.10,1.35,1.10
6.46,6.53,0.58,1.82,1.76,3.17,4.00,2.10,1.35,1.60
170.53,8.14,1.77,2.83,2.94,3.99,4.00,2.10,1.85,0.10
8.21,4.98,0.77,1.78,2.28,2.93,4.00,2.10,1.85,1.10
6.70,5.60,0.62,1.65,1.88,2.81,4.00,2.10,1.85,1.60
49.77,4.81,1.93,3.45,3.54,5.14,4.00,2.60,0.85,0.10
6.58,4.00,0.79,2.27,2.43,3.98,4.00,2.60,0.85,0.60
5.18,5.08,0.56,2.10,1.88,3.81,4.00,2.60,0.85,1.10
4.67,6.06,0.49,2.04,1.61,3.74,4.00,2.60,0.85,1.60
99.83,6.17,1.87,3.15,3.16,4.50,4.00,2.60,1.35,0.10
5.40,4.05,0.58,1.81,2.09,3.17,4.00,2.60,1.35,1.10
4.78,4.79,0.52,1.72,1.72,3.07,4.00,2.60,1.35,1.60
157.67,7.22,1.82,2.92,2.92,4.07,4.00,2.60,1.85,0.10
4.91,4.08,0.49,1.55,1.93,2.72,4.00,2.60,1.85,1.60
42.98,4.09,2.10,3.65,3.72,5.36,4.00,3.10,0.85,0.10
4.52,2.81,0.72,2.12,2.60,3.83,4.00,3.10,0.85,0.60
3.94,3.80,0.41,1.99,1.86,3.69,4.00,3.10,0.85,1.10
3.74,4.67,0.35,1.94,1.58,3.65,4.00,3.10,0.85,1.60
99.38,5.82,2.02,3.29,3.17,4.63,4.00,3.10,1.35,0.10
4.05,2.99,0.52,1.71,2.19,3.06,4.00,3.10,1.35,1.10
3.79,3.67,0.38,1.63,1.72,2.98,4.00,3.10,1.35,1.60
160.31,6.95,1.88,2.99,2.89,4.16,4.00,3.10,1.85,0.10
47.28,4.19,2.38,3.92,3.76,5.63,4.00,3.60,0.85,0.10
3.24,2.96,0.32,1.85,1.85,3.56,4.00,3.60,0.85,1.10
3.19,3.73,0.20,1.84,1.53,3.55,4.00,3.60,0.85,1.60
110.94,6.05,2.10,3.41,3.15,4.76,4.00,3.60,1.35,0.10
3.20,2.92,0.23,1.51,1.70,2.88,4.00,3.60,1.35,1.60
176.03,7.11,1.97,3.07,2.85,4.23,4.00,3.60,1.85,0.10
28.97,6.97,4.12,5.25,4.94,6.40,4.00,3.60,1.85,0.60
63.19,4.98,2.56,4.16,3.70,5.86,4.00,4.10,0.85,0.10
3.00,2.38,0.00,1.73,1.83,3.43,4.00,4.10,0.85,1.10
3.00,3.06,0.00,1.73,1.49,3.45,4.00,4.10,0.85,1.60
134.32,6.66,2.21,3.52,3.10,4.86,4.00,4.10,1.35,0.10
17.28,5.50,3.76,5.03,4.64,6.38,4.00,4.10,1.35,0.60
3.00,2.39,0.00,1.42,1.70,2.78,4.00,4.10,1.35,1.60
26.68,6.33,5.41,6.54,6.22,7.70,4.00,4.10,1.85,0.60
91.39,6.26,2.67,4.31,3.62,6.01,4.00,4.60,0.85,0.10
3.00,1.99,0.00,1.57,1.81,3.29,4.00,4.60,0.85,1.10
3.00,2.59,0.00,1.63,1.45,3.34,4.00,4.60,0.85,1.60
12.06,4.09,3.27,4.53,4.23,5.88,4.00,4.60,1.35,0.60
3.00,2.03,0.00,1.31,1.66,2.67,4.00,4.60,1.35,1.60
7.50,2.34,2.38,3.47,3.87,4.62,4.00,4.60,1.85,0.60
3975.66,288.12,1.89,3.50,3.01,5.19,4.50,0.10,0.85,0.10
662.74,287.96,1.47,3.08,2.52,4.79,4.50,0.10,0.85,0.60
365.55,290.24,1.32,2.93,2.35,4.65,4.50,0.10,0.85,1.10
254.31,292.81,1.26,2.87,2.24,4.56,4.50,0.10,0.85,1.60
4163.94,233.53,1.86,3.15,3.07,4.50,4.50,0.10,1.35,0.10
687.09,231.83,1.46,2.74,2.57,4.09,4.50,0.10,1.35,0.60
378.18,232.97,1.34,2.61,2.39,3.96,4.50,0.10,1.35,1.10
262.09,234.56,1.27,2.52,2.28,3.87,4.50,0.10,1.35,1.60
4350.32,203.00,1.89,2.96,3.14,4.11,4.50,0.10,1.85,0.10
712.93,200.63,1.48,2.55,2.63,3.71,4.50,0.10,1.85,0.60
389.66,201.14,1.33,2.42,2.45,3.57,4.50,0.10,1.85,1.10
269.70,202.16,1.28,2.33,2.33,3.49,4.50,0.10,1.85,1.60
567.47,42.98,1.60,3.17,2.69,4.88,4.50,0.60,0.85,0.10
93.72,42.75,1.15,2.72,2.14,4.42,4.50,0.60,0.85,0.60
54.21,44.39,0.99,2.58,1.93,4.27,4.50,0.60,0.85,1.10
39.55,46.11,0.86,2.47,1.81,4.19,4.50,0.60,0.85,1.60
647.51,36.77,1.57,2.84,2.70,4.19,4.50,0.60,1.35,0.10
100.93,35.08,1.12,2.39,2.18,3.74,4.50,0.60,1.35,0.60
56.90,35.97,1.00,2.24,1.98,3.59,4.50,0.60,1.35,1.10
41.14,37.12,0.87,2.15,1.84,3.50,4.50,0.60,1.35,1.60
721.26,33.51,1.61,2.66,2.73,3.81,4.50,0.60,1.85,0.10
107.53,30.96,1.17,2.21,2.23,3.36,4.50,0.60,1.85,0.60
60.03,31.38,0.98,2.05,2.03,3.21,4.50,0.60,1.85,1.10
42.81,32.17,0.88,1.97,1.88,3.12,4.50,0.60,1.85,1.60
257.53,20.48,1.52,3.11,2.70,4.82,4.50,1.10,0.85,0.10
41.62,20.18,0.97,2.58,2.08,4.29,4.50,1.10,0.85,0.60
25.20,21.61,0.80,2.43,1.83,4.14,4.50,1.10,0.85,1.10
19.29,23.03,0.74,2.33,1.69,4.05,4.50,1.10,0.85,1.60
318.44,18.49,1.54,2.80,2.70,4.15,4.50,1.10,1.35,0.10
46.02,16.77,1.06,2.27,2.13,3.63,4.50,1.10,1.35,0.60
26.81,17.57,0.83,2.11,1.88,3.46,4.50,1.10,1.35,1.10
20.08,18.56,0.79,2.02,1.72,3.37,4.50,1.10,1.35,1.60
382.06,17.69,1.55,2.61,2.68,3.77,4.50,1.10,1.85,0.10
50.35,15.01,1.02,2.11,2.19,3.26,4.50,1.10,1.85,0.60
28.63,15.39,0.87,1.94,1.94,3.09,4.50,1.10,1.85,1.10
21.02,16.09,0.78,1.84,1.78,2.99,4.50,1.10,1.85,1.60
145.17,12.20,1.58,3.11,2.79,4.81,4.50,1.60,0.85,0.10
23.40,11.86,0.95,2.50,2.08,4.20,4.50,1.60,0.85,0.60
14.89,13.15,0.79,2.34,1.80,4.04,4.50,1.60,0.85,1.10
11.83,14.40,0.66,2.23,1.62,3.95,4.50,1.60,0.85,1.60
199.44,11.80,1.58,2.81,2.75,4.16,4.50,1.60,1.35,0.10
26.08,9.94,1.00,2.19,2.16,3.55,4.50,1.60,1.35,0.60
15.86,10.69,0.76,2.02,1.86,3.37,4.50,1.60,1.35,1.10
12.33,11.58,0.68,1.93,1.68,3.27,4.50,1.60,1.35,1.60
257.75,11.90,1.58,2.63,2.70,3.79,4.50,1.60,1.85,0.10
29.39,9.01,1.01,2.05,2.23,3.20,4.50,1.60,1.85,0.60
16.98,9.38,0.80,1.85,1.95,3.01,4.50,1.60,1.85,1.10
12.87,10.03,0.71,1.75,1.74,2.90,4.50,1.60,1.85,1.60
92.32,8.08,1.61,3.14,2.95,4.84,4.50,2.10,0.85,0.10
14.20,7.64,0.86,2.41,2.11,4.11,4.50,2.10,0.85,0.60
9.67,8.82,0.71,2.23,1.77,3.94,4.50,2.10,0.85,1.10
8.03,9.94,0.59,2.17,1.58,3.86,4.50,2.10,0.85,1.60
141.78,8.50,1.60,2.86,2.84,4.22,4.50,2.10,1.35,0.10
16.15,6.43,0.95,2.13,2.24,3.49,4.50,2.10,1.35,0.60
10.31,7.15,0.72,1.94,1.86,3.28,4.50,2.10,1.35,1.10
8.32,7.96,0.63,1.83,1.65,3.19,4.50,2.10,1.35,1.60
200.12,9.11,1.61,2.68,2.72,3.84,4.50,2.10,1.85,0.10
18.51,5.89,0.96,2.00,2.40,3.16,4.50,2.10,1.85,0.60
11.02,6.26,0.74,1.77,1.98,2.93,4.50,2.10,1.85,1.10
8.68,6.87,0.61,1.67,1.73,2.82,4.50,2.10,1.85,1.60
63.39,5.77,1.74,3.21,3.16,4.92,4.50,2.60,0.85,0.10
9.18,5.18,0.79,2.31,2.19,4.02,4.50,2.60,0.85,0.60
6.75,6.28,0.63,2.14,1.77,3.85,4.50,2.60,0.85,1.10
5.85,7.29,0.53,2.08,1.55,3.78,4.50,2.60,0.85,1.60
113.87,6.76,1.71,2.95,2.92,4.30,4.50,2.60,1.35,0.10
10.50,4.36,0.89,2.07,2.43,3.42,4.50,2.60,1.35,0.60
7.13,5.06,0.64,1.84,1.91,3.20,4.50,2.60,1.35,1.10
6.02,5.81,0.50,1.75,1.63,3.11,4.50,2.60,1.35,1.60
173.27,7.69,1.67,2.76,2.74,3.91,4.50,2.60,1.85,0.10
7.58,4.40,0.67,1.71,2.10,2.86,4.50,2.60,1.85,1.10
6.25,4.98,0.54,1.60,1.74,2.75,4.50,2.60,1.85,1.60
48.74,4.49,1.87,3.35,3.37,5.06,4.50,3.10,0.85,0.10
6.22,3.64,0.77,2.19,2.31,3.90,4.50,3.10,0.85,0.60
4.97,4.66,0.54,2.05,1.76,3.75,4.50,3.10,0.85,1.10
4.51,5.57,0.41,2.00,1.53,3.69,4.50,3.10,0.85,1.60
102.52,5.94,1.81,3.07,2.99,4.42,4.50,3.10,1.35,0.10
5.18,3.72,0.56,1.75,1.95,3.11,4.50,3.10,1.35,1.10
4.62,4.41,0.44,1.68,1.64,3.02,4.50,3.10,1.35,1.60
166.35,7.08,1.75,2.84,2.75,3.99,4.50,3.10,1.85,0.10
4.74,3.76,0.47,1.53,1.78,2.67,4.50,3.10,1.85,1.60
43.97,3.96,2.05,3.57,3.53,5.28,4.50,3.60,0.85,0.10
4.41,2.64,0.60,2.07,2.48,3.77,4.50,3.60,0.85,0.60
3.87,3.58,0.40,1.94,1.77,3.64,4.50,3.60,0.85,1.10
3.68,4.39,0.35,1.90,1.50,3.61,4.50,3.60,0.85,1.60
104.72,5.76,1.95,3.20,3.00,4.55,4.50,3.60,1.35,0.10
3.96,2.82,0.42,1.66,2.06,3.00,4.50,3.60,1.35,1.10
3.72,3.46,0.38,1.58,1.63,2.94,4.50,3.60,1.35,1.60
173.11,6.97,1.81,2.92,2.73,4.07,4.50,3.60,1.85,0.10
3.77,2.93,0.34,1.41,1.87,2.59,4.50,3.60,1.85,1.60
49.23,4.15,2.25,3.83,3.57,5.53,4.50,4.10,0.85,0.10
3.23,2.83,0.26,1.82,1.76,3.52,4.50,4.10,0.85,1.10
3.18,3.57,0.20,1.81,1.46,3.51,4.50,4.10,0.85,1.60
119.27,6.09,2.05,3.32,2.99,4.67,4.50,4.10,1.35,0.10
3.19,2.80,0.23,1.50,1.61,2.84,4.50,4.10,1.35,1.60
192.35,7.23,1.88,2.99,2.70,4.15,4.50,4.10,1.85,0.10
31.23,7.03,4.00,5.11,4.75,6.26,4.50,4.10,1.85,0.60
66.75,4.99,2.47,4.04,3.53,5.75,4.50,4.60,0.85,0.10
3.00,2.32,0.00,1.69,1.76,3.39,4.50,4.60,0.85,1.10
3.00,2.97,0.00,1.72,1.43,3.42,4.50,4.60,0.85,1.60
144.74,6.75,2.11,3.42,2.96,4.77,4.50,4.60,1.35,0.10
19.22,5.72,3.60,4.91,4.45,6.26,4.50,4.60,1.35,0.60
3.00,2.33,0.00,1.40,1.63,2.75,4.50,4.60,1.35,1.60
30.85,6.75,5.26,6.36,5.97,7.52,4.50,4.60,1.85,0.60
5389.61,353.97,1.75,3.37,2.77,5.07,5.00,0.10,0.85,0.10
893.78,353.74,1.41,3.01,2.34,4.71,5.00,0.10,0.85,0.60
492.07,355.95,1.28,2.89,2.18,4.59,5.00,0.10,0.85,1.10
341.76,358.48,1.21,2.81,2.08,4.51,5.00,0.10,0.85,1.60
5593.24,285.94,1.74,3.03,2.81,4.38,5.00,0.10,1.35,0.10
925.49,284.25,1.38,2.66,2.37,4.01,5.00,0.10,1.35,0.60
506.35,285.35,1.29,2.54,2.21,3.89,5.00,0.10,1.35,1.10
350.63,286.91,1.17,2.45,2.11,3.81,5.00,0.10,1.35,1.60
5786.88,248.01,1.78,2.83,2.85,3.99,5.00,0.10,1.85,0.10
952.54,245.40,1.40,2.48,2.41,3.63,5.00,0.10,1.85,0.60
522.08,246.10,1.26,2.35,2.25,3.50,5.00,0.10,1.85,1.10
359.99,247.09,1.17,2.28,2.15,3.43,5.00,0.10,1.85,1.60
767.41,52.86,1.49,3.08,2.48,4.79,5.00,0.60,0.85,0.10
126.22,52.61,1.04,2.66,1.99,4.38,5.00,0.60,0.85,0.60
72.39,54.24,0.96,2.53,1.81,4.25,5.00,0.60,0.85,1.10
52.39,55.92,0.84,2.47,1.69,4.17,5.00,0.60,0.85,1.60
856.76,44.63,1.48,2.74,2.49,4.10,5.00,0.60,1.35,0.10
135.08,43.02,1.10,2.35,2.02,3.69,5.00,0.60,1.35,0.60
75.54,43.88,0.91,2.20,1.84,3.56,5.00,0.60,1.35,1.10
54.29,45.00,0.85,2.13,1.73,3.48,5.00,0.60,1.35,1.60
937.99,40.30,1.51,2.56,2.51,3.71,5.00,0.60,1.85,0.10
143.11,37.82,1.11,2.16,2.05,3.31,5.00,0.60,1.85,0.60
79.43,38.20,0.95,2.02,1.87,3.18,5.00,0.60,1.85,1.10
56.27,38.99,0.86,1.94,1.76,3.09,5.00,0.60,1.85,1.60
347.02,25.27,1.40,3.02,2.48,4.72,5.00,1.10,0.85,0.10
57.35,25.03,0.99,2.56,1.93,4.27,5.00,1.10,0.85,0.60
34.04,26.44,0.82,2.41,1.73,4.13,5.00,1.10,0.85,1.10
25.38,27.87,0.73,2.34,1.59,4.05,5.00,1.10,0.85,1.60
416.90,22.35,1.42,2.70,2.48,4.05,5.00,1.10,1.35,0.10
62.31,20.70,1.00,2.24,1.97,3.59,5.00,1.10,1.35,0.60
35.96,21.49,0.84,2.09,1.76,3.44,5.00,1.10,1.35,1.10
26.41,22.46,0.74,2.01,1.63,3.36,5.00,1.10,1.35,1.60
486.87,21.00,1.45,2.52,2.46,3.67,5.00,1.10,1.85,0.10
67.59,18.44,1.00,2.07,2.00,3.22,5.00,1.10,1.85,0.60
37.94,18.81,0.84,1.92,1.80,3.07,5.00,1.10,1.85,1.10
27.52,19.50,0.75,1.82,1.66,2.98,5.00,1.10,1.85,1.60
197.83,15.13,1.46,3.02,2.54,4.71,5.00,1.60,0.85,0.10
32.06,14.82,0.90,2.47,1.94,4.19,5.00,1.60,0.85,0.60
19.87,16.11,0.75,2.33,1.69,4.04,5.00,1.60,0.85,1.10
15.36,17.37,0.66,2.26,1.54,3.96,5.00,1.60,0.85,1.60
256.76,14.10,1.45,2.69,2.52,4.05,5.00,1.60,1.35,0.10
35.45,12.38,0.92,2.17,1.97,3.52,5.00,1.60,1.35,0.60
21.11,13.11,0.77,2.00,1.73,3.36,5.00,1.60,1.35,1.10
15.99,13.99,0.69,1.92,1.58,3.27,5.00,1.60,1.35,1.60
318.34,13.85,1.47,2.53,2.48,3.68,5.00,1.60,1.85,0.10
39.34,11.16,0.97,2.01,2.04,3.16,5.00,1.60,1.85,0.60
22.43,11.51,0.81,1.84,1.78,2.99,5.00,1.60,1.85,1.10
16.67,12.15,0.66,1.74,1.63,2.90,5.00,1.60,1.85,1.60
124.00,9.99,1.46,3.02,2.67,4.73,5.00,2.10,0.85,0.10
19.68,9.64,0.85,2.42,1.95,4.12,5.00,2.10,0.85,0.60
12.82,10.82,0.68,2.26,1.67,3.96,5.00,2.10,0.85,1.10
10.31,11.95,0.60,2.19,1.51,3.88,5.00,2.10,0.85,1.60
177.32,9.97,1.51,2.73,2.59,4.08,5.00,2.10,1.35,0.10
22.04,8.09,0.93,2.11,2.04,3.47,5.00,2.10,1.35,0.60
13.63,8.80,0.70,1.94,1.74,3.29,5.00,2.10,1.35,1.10
10.73,9.61,0.62,1.85,1.56,3.20,5.00,2.10,1.35,1.60
238.51,10.32,1.49,2.56,2.52,3.71,5.00,2.10,1.85,0.10
25.00,7.38,0.94,1.98,2.11,3.13,5.00,2.10,1.85,0.60
14.58,7.73,0.73,1.77,1.81,2.93,5.00,2.10,1.85,1.10
11.18,8.33,0.61,1.67,1.63,2.83,5.00,2.10,1.85,1.60
83.67,7.04,1.53,3.07,2.82,4.77,5.00,2.60,0.85,0.10
12.73,6.58,0.82,2.33,2.01,4.04,5.00,2.60,0.85,0.60
8.82,7.69,0.64,2.18,1.67,3.88,5.00,2.60,0.85,1.10
7.38,8.72,0.52,2.12,1.48,3.81,5.00,2.60,0.85,1.60
134.94,7.65,1.56,2.80,2.69,4.15,5.00,2.60,1.35,0.10
14.47,5.56,0.87,2.07,2.13,3.41,5.00,2.60,1.35,0.60
9.36,6.23,0.66,1.87,1.76,3.22,5.00,2.60,1.35,1.10
7.66,6.99,0.55,1.78,1.54,3.13,5.00,2.60,1.35,1.60
194.91,8.39,1.57,2.62,2.56,3.77,5.00,2.60,1.85,0.10
16.65,5.11,0.90,1.94,2.26,3.10,5.00,2.60,1.85,0.60
9.99,5.46,0.68,1.72,1.88,2.87,5.00,2.60,1.85,1.10
7.96,6.03,0.59,1.61,1.63,2.77,5.00,2.60,1.85,1.60
60.38,5.26,1.63,3.15,3.01,4.85,5.00,3.10,0.85,0.10
8.55,4.65,0.76,2.26,2.08,3.95,5.00,3.10,0.85,0.60
6.35,5.68,0.60,2.09,1.67,3.80,5.00,3.10,0.85,1.10
5.57,6.62,0.46,2.04,1.46,3.73,5.00,3.10,0.85,1.60
112.96,6.36,1.66,2.89,2.78,4.24,5.00,3.10,1.35,0.10
9.76,3.92,0.84,2.01,2.30,3.35,5.00,3.10,1.35,0.60
6.71,4.58,0.62,1.79,1.79,3.14,5.00,3.10,1.35,1.10
5.74,5.28,0.49,1.71,1.55,3.06,5.00,3.10,1.35,1.60
176.64,7.38,1.63,2.69,2.59,3.85,5.00,3.10,1.85,0.10
7.13,3.99,0.64,1.66,1.97,2.81,5.00,3.10,1.85,1.10
5.93,4.54,0.52,1.54,1.65,2.70,5.00,3.10,1.85,1.60
48.11,4.25,1.82,3.29,3.23,4.99,5.00,3.60,0.85,0.10
5.93,3.37,0.66,2.13,2.18,3.84,5.00,3.60,0.85,0.60
4.79,4.33,0.53,2.00,1.68,3.70,5.00,3.60,0.85,1.10
4.40,5.19,0.40,1.95,1.45,3.65,5.00,3.60,0.85,1.60
105.27,5.78,1.78,3.00,2.84,4.35,5.00,3.60,1.35,0.10
5.00,3.46,0.54,1.71,1.87,3.06,5.00,3.60,1.35,1.10
4.49,4.12,0.43,1.63,1.55,2.98,5.00,3.60,1.35,1.60
173.98,6.98,1.71,2.77,2.60,3.93,5.00,3.60,1.85,0.10
4.60,3.51,0.46,1.46,1.70,2.63,5.00,3.60,1.85,1.60
44.77,3.86,2.03,3.51,3.38,5.20,5.00,4.10,0.85,0.10
4.32,2.50,0.59,1.99,2.38,3.71,5.00,4.10,0.85,0.60
3.82,3.39,0.39,1.88,1.68,3.60,5.00,4.10,0.85,1.10
3.63,4.17,0.35,1.86,1.42,3.57,5.00,4.10,0.85,1.60
110.01,5.72,1.88,3.13,2.87,4.48,5.00,4.10,1.35,0.10
3.91,2.69,0.41,1.59,1.97,2.96,5.00,4.10,1.35,1.10
3.67,3.29,0.30,1.55,1.55,2.90,5.00,4.10,1.35,1.60
184.59,6.99,1.76,2.85,2.60,4.01,5.00,4.10,1.85,0.10
3.73,2.79,0.34,1.38,1.77,2.55,5.00,4.10,1.85,1.60
51.27,4.12,2.24,3.75,3.42,5.45,5.00,4.60,0.85,0.10
3.22,2.73,0.26,1.78,1.69,3.49,5.00,4.60,0.85,1.10
3.17,3.43,0.20,1.78,1.41,3.49,5.00,4.60,0.85,1.60
126.47,6.11,1.96,3.24,2.86,4.60,5.00,4.60,1.35,0.10
3.18,2.70,0.23,1.46,1.54,2.81,5.00,4.60,1.35,1.60
206.60,7.32,1.82,2.91,2.58,4.08,5.00,4.60,1.85,0.10
33.04,7.06,3.90,4.98,4.58,6.14,5.00,4.60,1.85,0.60
7078.89,426.77,1.66,3.27,2.57,4.97,5.50,0.10,0.85,0.10
1180.68,426.52,1.32,2.94,2.18,4.64,5.50,0.10,0.85,0.60
648.39,428.66,1.21,2.84,2.03,4.53,5.50,0.10,0.85,1.10
449.21,431.00,1.11,2.76,1.95,4.46,5.50,0.10,0.85,1.60
7335.41,343.68,1.64,2.92,2.60,4.27,5.50,0.10,1.35,0.10
1211.05,342.15,1.33,2.59,2.20,3.94,5.50,0.10,1.35,0.60
661.42,343.14,1.18,2.48,2.06,3.83,5.50,0.10,1.35,1.10
459.44,344.61,1.12,2.40,1.98,3.76,5.50,0.10,1.35,1.60
7518.72,297.57,1.62,2.73,2.63,3.88,5.50,0.10,1.85,0.10
1244.08,295.17,1.33,2.40,2.23,3.55,5.50,0.10,1.85,0.60
679.61,295.72,1.22,2.29,2.09,3.44,5.50,0.10,1.85,1.10
470.15,296.55,1.13,2.22,2.00,3.37,5.50,0.10,1.85,1.60
1008.56,63.85,1.36,3.00,2.30,4.71,5.50,0.60,0.85,0.10
168.64,63.67,1.02,2.64,1.86,4.34,5.50,0.60,0.85,0.60
95.50,65.26,0.90,2.53,1.70,4.22,5.50,0.60,0.85,1.10
68.22,66.93,0.82,2.45,1.60,4.15,5.50,0.60,0.85,1.60
1114.43,53.44,1.39,2.65,2.31,4.01,5.50,0.60,1.35,0.10
177.16,51.85,1.05,2.30,1.88,3.65,5.50,0.60,1.35,0.60
99.22,52.72,0.92,2.18,1.72,3.53,5.50,0.60,1.35,1.10
70.48,53.83,0.82,2.10,1.62,3.45,5.50,0.60,1.35,1.60
1210.02,47.87,1.40,2.47,2.32,3.63,5.50,0.60,1.85,0.10
187.09,45.45,1.03,2.12,1.91,3.27,5.50,0.60,1.85,0.60
102.84,45.83,0.93,1.99,1.75,3.14,5.50,0.60,1.85,1.10
72.81,46.60,0.83,1.92,1.65,3.07,5.50,0.60,1.85,1.60
463.53,30.71,1.35,2.96,2.29,4.65,5.50,1.10,0.85,0.10
76.34,30.49,0.92,2.55,1.81,4.24,5.50,1.10,0.85,0.60
44.53,31.88,0.82,2.42,1.63,4.11,5.50,1.10,0.85,1.10
32.83,33.30,0.73,2.34,1.51,4.04,5.50,1.10,0.85,1.60
539.07,26.68,1.35,2.61,2.29,3.96,5.50,1.10,1.35,0.10
81.99,25.11,0.97,2.21,1.83,3.56,5.50,1.10,1.35,0.60
46.83,25.88,0.80,2.07,1.66,3.42,5.50,1.10,1.35,1.10
34.10,26.84,0.73,1.98,1.53,3.35,5.50,1.10,1.35,1.60
615.06,24.71,1.36,2.43,2.28,3.58,5.50,1.10,1.85,0.10
88.08,22.26,0.98,2.03,1.86,3.18,5.50,1.10,1.85,0.60
49.25,22.62,0.84,1.89,1.68,3.04,5.50,1.10,1.85,1.10
35.43,23.30,0.74,1.81,1.56,2.97,5.50,1.10,1.85,1.60
263.72,18.46,1.33,2.92,2.35,4.63,5.50,1.60,0.85,0.10
43.00,18.18,0.90,2.47,1.80,4.17,5.50,1.60,0.85,0.60
25.91,19.44,0.72,2.33,1.60,4.04,5.50,1.60,0.85,1.10
19.68,20.72,0.68,2.27,1.47,3.96,5.50,1.60,0.85,1.60
326.89,16.74,1.37,2.61,2.32,3.96,5.50,1.60,1.35,0.10
46.90,15.12,0.93,2.15,1.84,3.50,5.50,1.60,1.35,0.60
27.46,15.83,0.74,2.00,1.64,3.35,5.50,1.60,1.35,1.10
20.47,16.71,0.69,1.93,1.49,3.27,5.50,1.60,1.35,1.60
394.68,16.10,1.37,2.43,2.30,3.58,5.50,1.60,1.85,0.10
51.23,13.54,0.90,1.98,1.86,3.13,5.50,1.60,1.85,0.60
29.11,13.89,0.78,1.83,1.67,2.98,5.50,1.60,1.85,1.10
21.31,14.52,0.71,1.74,1.53,2.89,5.50,1.60,1.85,1.60
165.70,12.23,1.37,2.93,2.44,4.63,5.50,2.10,0.85,0.10
26.66,11.93,0.86,2.41,1.82,4.11,5.50,2.10,0.85,0.60
16.80,13.11,0.69,2.28,1.59,3.97,5.50,2.10,0.85,1.10
13.17,14.26,0.60,2.19,1.44,3.89,5.50,2.10,0.85,1.60
223.06,11.71,1.38,2.62,2.39,3.98,5.50,2.10,1.35,0.10
29.63,9.99,0.88,2.10,1.88,3.45,5.50,2.10,1.35,0.60
17.85,10.68,0.72,1.94,1.64,3.29,5.50,2.10,1.35,1.10
13.69,11.49,0.63,1.86,1.47,3.21,5.50,2.10,1.35,1.60
286.98,11.77,1.38,2.45,2.34,3.61,5.50,2.10,1.85,0.10
33.03,9.05,0.91,1.93,1.92,3.09,5.50,2.10,1.85,0.60
18.96,9.39,0.71,1.77,1.68,2.93,5.50,2.10,1.85,1.10
14.32,9.98,0.63,1.68,1.51,2.84,5.50,2.10,1.85,1.60
110.31,8.60,1.40,2.96,2.56,4.66,5.50,2.60,0.85,0.10
17.31,8.22,0.83,2.34,1.86,4.05,5.50,2.60,0.85,0.60
11.48,9.32,0.65,2.20,1.59,3.90,5.50,2.60,0.85,1.10
9.32,10.38,0.57,2.13,1.42,3.83,5.50,2.60,0.85,1.60
163.81,8.80,1.45,2.68,2.48,4.02,5.50,2.60,1.35,0.10
19.49,6.92,0.86,2.04,1.95,3.40,5.50,2.60,1.35,0.60
12.14,7.58,0.64,1.88,1.65,3.23,5.50,2.60,1.35,1.10
9.68,8.34,0.55,1.80,1.48,3.15,5.50,2.60,1.35,1.60
227.24,9.32,1.43,2.50,2.39,3.65,5.50,2.60,1.85,0.10
22.13,6.33,0.87,1.91,2.01,3.06,5.50,2.60,1.85,0.60
13.04,6.67,0.68,1.72,1.72,2.87,5.50,2.60,1.85,1.10
10.11,7.23,0.59,1.62,1.53,2.78,5.50,2.60,1.85,1.60
77.75,6.32,1.50,3.00,2.72,4.71,5.50,3.10,0.85,0.10
11.67,5.85,0.78,2.28,1.93,3.98,5.50,3.10,0.85,0.60
8.19,6.89,0.60,2.13,1.59,3.83,5.50,3.10,0.85,1.10
6.93,7.85,0.50,2.06,1.41,3.76,5.50,3.10,0.85,1.60
129.89,7.06,1.54,2.74,2.57,4.09,5.50,3.10,1.35,0.10
13.26,4.94,0.84,2.01,2.05,3.35,5.50,3.10,1.35,0.60
8.68,5.58,0.62,1.82,1.69,3.17,5.50,3.10,1.35,1.10
7.16,6.29,0.53,1.74,1.47,3.09,5.50,3.10,1.35,1.60
193.27,7.89,1.46,2.56,2.43,3.72,5.50,3.10,1.85,0.10
15.33,4.56,0.90,1.87,2.16,3.04,5.50,3.10,1.85,0.60
9.27,4.89,0.65,1.67,1.77,2.82,5.50,3.10,1.85,1.10
7.43,5.44,0.56,1.56,1.54,2.72,5.50,3.10,1.85,1.60
58.16,4.89,1.62,3.09,2.91,4.79,5.50,3.60,0.85,0.10
8.07,4.26,0.73,2.18,1.99,3.89,5.50,3.60,0.85,0.60
6.05,5.23,0.51,2.05,1.61,3.75,5.50,3.60,0.85,1.10
5.35,6.12,0.45,1.99,1.40,3.69,5.50,3.60,0.85,1.60
112.79,6.06,1.61,2.83,2.66,4.18,5.50,3.60,1.35,0.10
9.19,3.59,0.81,1.94,2.22,3.30,5.50,3.60,1.35,0.60
6.37,4.22,0.60,1.75,1.73,3.10,5.50,3.60,1.35,1.10
5.49,4.88,0.49,1.66,1.48,3.02,5.50,3.60,1.35,1.60
180.36,7.14,1.58,2.63,2.47,3.79,5.50,3.60,1.85,0.10
6.78,3.68,0.63,1.60,1.88,2.76,5.50,3.60,1.85,1.10
5.68,4.20,0.50,1.49,1.58,2.66,5.50,3.60,1.85,1.60
47.73,4.06,1.73,3.22,3.12,4.93,5.50,4.10,0.85,0.10
5.74,3.16,0.64,2.08,2.10,3.79,5.50,4.10,0.85,0.60
4.67,4.07,0.44,1.95,1.62,3.66,5.50,4.10,0.85,1.10
4.29,4.89,0.40,1.90,1.39,3.62,5.50,4.10,0.85,1.60
107.84,5.64,1.73,2.95,2.72,4.30,5.50,4.10,1.35,0.10
4.85,3.26,0.53,1.66,1.77,3.01,5.50,4.10,1.35,1.10
4.37,3.88,0.43,1.60,1.49,2.95,5.50,4.10,1.35,1.60
181.80,6.89,1.63,2.71,2.49,3.87,5.50,4.10,1.85,0.10
4.48,3.32,0.45,1.44,1.61,2.59,5.50,4.10,1.85,1.60
45.74,3.78,1.97,3.43,3.25,5.14,5.50,4.60,0.85,0.10
4.24,2.39,0.58,1.96,2.25,3.66,5.50,4.60,0.85,0.60
3.77,3.24,0.38,1.86,1.62,3.56,5.50,4.60,0.85,1.10
3.59,3.99,0.27,1.83,1.37,3.54,5.50,4.60,0.85,1.60
114.72,5.68,1.81,3.07,2.75,4.42,5.50,4.60,1.35,0.10
3.86,2.57,0.40,1.56,1.85,2.92,5.50,4.60,1.35,1.10
3.64,3.15,0.30,1.52,1.47,2.87,5.50,4.60,1.35,1.60
194.85,7.00,1.68,2.80,2.49,3.95,5.50,4.60,1.85,0.10
3.69,2.68,0.33,1.36,1.66,2.52,5.50,4.60,1.85,1.60
9078.32,506.49,1.57,3.17,2.40,4.88,6.00,0.10,0.85,0.10
1526.81,506.51,1.24,2.87,2.04,4.58,6.00,0.10,0.85,0.60
837.67,508.61,1.15,2.78,1.92,4.48,6.00,0.10,0.85,1.10
579.83,510.91,1.07,2.71,1.84,4.41,6.00,0.10,0.85,1.60
9379.58,407.24,1.57,2.84,2.42,4.18,6.00,0.10,1.35,0.10
1546.85,405.53,1.27,2.52,2.06,3.88,6.00,0.10,1.35,0.60
855.14,406.71,1.14,2.42,1.94,3.78,6.00,0.10,1.35,1.10
591.26,408.19,1.08,2.37,1.86,3.71,6.00,0.10,1.35,1.60
9674.40,352.03,1.54,2.63,2.44,3.79,6.00,0.10,1.85,0.10
1597.08,349.60,1.25,2.34,2.08,3.49,6.00,0.10,1.85,0.60
865.97,349.93,1.12,2.23,1.95,3.39,6.00,0.10,1.85,1.10
602.52,351.00,1.08,2.17,1.87,3.32,6.00,0.10,1.85,1.60
1312.74,76.05,1.32,2.93,2.15,4.64,6.00,0.60,0.85,0.10
217.95,75.86,0.97,2.59,1.75,4.30,6.00,0.60,0.85,0.60
122.64,77.42,0.86,2.49,1.61,4.19,6.00,0.60,0.85,1.10
87.10,79.07,0.81,2.42,1.52,4.13,6.00,0.60,0.85,1.60
1418.13,63.14,1.30,2.58,2.16,3.94,6.00,0.60,1.35,0.10
228.59,61.61,0.99,2.25,1.77,3.61,6.00,0.60,1.35,0.60
127.24,62.44,0.88,2.13,1.63,3.50,6.00,0.60,1.35,1.10
89.70,63.54,0.81,2.08,1.53,3.43,6.00,0.60,1.35,1.60
1526.94,56.20,1.31,2.40,2.16,3.55,6.00,0.60,1.85,0.10
238.74,53.83,0.98,2.07,1.79,3.22,6.00,0.60,1.85,0.60
131.61,54.21,0.89,1.96,1.65,3.11,6.00,0.60,1.85,1.10
92.23,54.96,0.82,1.89,1.56,3.04,6.00,0.60,1.85,1.60
602.28,36.76,1.26,2.88,2.14,4.58,6.00,1.10,0.85,0.10
99.38,36.54,0.89,2.52,1.70,4.21,6.00,1.10,0.85,0.60
57.28,37.91,0.76,2.39,1.54,4.10,6.00,1.10,0.85,1.10
41.83,39.33,0.71,2.33,1.44,4.03,6.00,1.10,0.85,1.60
685.35,31.49,1.27,2.54,2.13,3.89,6.00,1.10,1.35,0.10
106.09,29.99,0.92,2.18,1.72,3.53,6.00,1.10,1.35,0.60
60.10,30.74,0.78,2.05,1.56,3.41,6.00,1.10,1.35,1.10
43.33,31.69,0.71,1.98,1.46,3.33,6.00,1.10,1.35,1.60
765.08,28.84,1.25,2.36,2.12,3.51,6.00,1.10,1.85,0.10
112.79,26.48,0.90,1.99,1.74,3.15,6.00,1.10,1.85,0.60
62.83,26.83,0.81,1.86,1.58,3.02,6.00,1.10,1.85,1.10
44.90,27.50,0.72,1.80,1.48,2.95,6.00,1.10,1.85,1.60
343.95,22.18,1.26,2.84,2.18,4.56,6.00,1.60,0.85,0.10
56.59,21.96,0.86,2.46,1.69,4.15,6.00,1.60,0.85,0.60
33.55,23.22,0.71,2.33,1.51,4.03,6.00,1.60,0.85,1.10
24.99,24.48,0.67,2.25,1.40,3.96,6.00,1.60,0.85,1.60
414.01,19.71,1.28,2.52,2.16,3.88,6.00,1.60,1.35,0.10
60.58,18.17,0.84,2.13,1.72,3.47,6.00,1.60,1.35,0.60
35.42,18.89,0.73,1.99,1.54,3.34,6.00,1.60,1.35,1.10
26.01,19.75,0.67,1.91,1.42,3.27,6.00,1.60,1.35,1.60
487.51,18.64,1.27,2.35,2.15,3.50,6.00,1.60,1.85,0.10
66.32,16.22,0.90,1.94,1.75,3.10,6.00,1.60,1.85,0.60
37.06,16.54,0.78,1.81,1.57,2.96,6.00,1.60,1.85,1.10
27.05,17.16,0.68,1.74,1.44,2.89,6.00,1.60,1.85,1.60
217.64,14.80,1.29,2.85,2.24,4.56,6.00,2.10,0.85,0.10
35.26,14.52,0.82,2.41,1.71,4.10,6.00,2.10,0.85,0.60
21.61,15.68,0.66,2.25,1.51,3.97,6.00,2.10,0.85,1.10
16.65,16.85,0.61,2.21,1.38,3.90,6.00,2.10,0.85,1.60
278.73,13.71,1.28,2.54,2.22,3.89,6.00,2.10,1.35,0.10
38.78,12.12,0.83,2.08,1.75,3.43,6.00,2.10,1.35,0.60
22.96,12.78,0.69,1.94,1.54,3.29,6.00,2.10,1.35,1.10
17.33,13.59,0.63,1.87,1.40,3.21,6.00,2.10,1.35,1.60
345.70,13.44,1.29,2.36,2.18,3.52,6.00,2.10,1.85,0.10
42.73,10.91,0.85,1.92,1.77,3.07,6.00,2.10,1.85,0.60
24.37,11.24,0.73,1.76,1.57,2.92,6.00,2.10,1.85,1.10
18.07,11.82,0.64,1.68,1.43,2.83,6.00,2.10,1.85,1.60
143.37,10.41,1.28,2.87,2.35,4.57,6.00,2.60,0.85,0.10
23.15,10.10,0.81,2.35,1.74,4.05,6.00,2.60,0.85,0.60
14.81,11.20,0.66,2.21,1.50,3.91,6.00,2.60,0.85,1.10
11.72,12.26,0.54,2.16,1.37,3.84,6.00,2.60,0.85,1.60
201.80,10.19,1.33,2.57,2.29,3.92,6.00,2.60,1.35,0.10
25.82,8.48,0.84,2.03,1.79,3.39,6.00,2.60,1.35,0.60
15.73,9.13,0.68,1.89,1.56,3.24,6.00,2.60,1.35,1.10
12.22,9.88,0.56,1.82,1.40,3.16,6.00,2.60,1.35,1.60
266.79,10.45,1.32,2.40,2.23,3.55,6.00,2.60,1.85,0.10
28.97,7.71,0.85,1.88,1.83,3.04,6.00,2.60,1.85,0.60
16.75,8.03,0.70,1.72,1.60,2.87,6.00,2.60,1.85,1.10
12.75,8.58,0.59,1.63,1.44,2.79,6.00,2.60,1.85,1.60
101.01,7.63,1.39,2.90,2.48,4.60,6.00,3.10,0.85,0.10
15.53,7.23,0.74,2.28,1.79,3.99,6.00,3.10,0.85,0.60
10.49,8.27,0.62,2.14,1.52,3.85,6.00,3.10,0.85,1.10
8.62,9.26,0.50,2.08,1.36,3.79,6.00,3.10,0.85,1.60
153.32,7.98,1.43,2.62,2.39,3.97,6.00,3.10,1.35,0.10
17.66,6.11,0.82,2.00,1.86,3.35,6.00,3.10,1.35,0.60
11.16,6.74,0.63,1.82,1.58,3.18,6.00,3.10,1.35,1.10
8.97,7.45,0.53,1.76,1.40,3.11,6.00,3.10,1.35,1.60
219.79,8.62,1.40,2.45,2.28,3.60,6.00,3.10,1.85,0.10
20.12,5.60,0.83,1.85,1.92,3.01,6.00,3.10,1.85,0.60
11.93,5.92,0.65,1.67,1.64,2.82,6.00,3.10,1.85,1.10
9.31,6.46,0.53,1.58,1.45,2.73,6.00,3.10,1.85,1.60
73.23,5.79,1.47,2.95,2.64,4.65,6.00,3.60,0.85,0.10
10.82,5.30,0.77,2.22,1.86,3.92,6.00,3.60,0.85,0.60
7.71,6.28,0.58,2.09,1.52,3.79,6.00,3.60,0.85,1.10
6.56,7.20,0.49,2.02,1.34,3.73,6.00,3.60,0.85,1.60
127.11,6.62,1.45,2.69,2.48,4.04,6.00,3.60,1.35,0.10
12.33,4.49,0.81,1.95,1.97,3.30,6.00,3.60,1.35,0.60
8.17,5.10,0.59,1.77,1.61,3.12,6.00,3.60,1.35,1.10
6.80,5.77,0.48,1.70,1.40,3.05,6.00,3.60,1.35,1.60
194.20,7.52,1.44,2.52,2.33,3.67,6.00,3.60,1.85,0.10
14.29,4.15,0.87,1.84,2.08,2.99,6.00,3.60,1.85,0.60
8.71,4.47,0.62,1.63,1.71,2.77,6.00,3.60,1.85,1.10
7.05,4.99,0.49,1.53,1.48,2.68,6.00,3.60,1.85,1.60
56.38,4.59,1.58,3.04,2.82,4.74,6.00,4.10,0.85,0.10
7.67,3.95,0.71,2.14,1.92,3.84,6.00,4.10,0.85,0.60
5.84,4.88,0.49,2.00,1.53,3.71,6.00,4.10,0.85,1.10
5.16,5.72,0.45,1.95,1.34,3.66,6.00,4.10,0.85,1.60
113.13,5.82,1.56,2.78,2.56,4.14,6.00,4.10,1.35,0.10
8.74,3.33,0.78,1.88,2.12,3.25,6.00,4.10,1.35,0.60
6.12,3.94,0.51,1.71,1.65,3.06,6.00,4.10,1.35,1.10
5.31,4.57,0.42,1.64,1.41,2.99,6.00,4.10,1.35,1.60
184.80,6.96,1.50,2.58,2.37,3.74,6.00,4.10,1.85,0.10
6.48,3.43,0.61,1.57,1.79,2.72,6.00,4.10,1.85,1.10
5.47,3.93,0.49,1.46,1.50,2.62,6.00,4.10,1.85,1.60
47.56,3.90,1.69,3.18,3.00,4.88,6.00,4.60,0.85,0.10
5.57,2.99,0.63,2.03,2.03,3.74,6.00,4.60,0.85,0.60
4.57,3.86,0.43,1.92,1.56,3.63,6.00,4.60,0.85,1.10
4.20,4.64,0.33,1.89,1.33,3.59,6.00,4.60,0.85,1.60
110.74,5.52,1.67,2.89,2.62,4.25,6.00,4.60,1.35,0.10
4.74,3.09,0.45,1.63,1.70,2.98,6.00,4.60,1.35,1.10
4.30,3.69,0.36,1.56,1.43,2.92,6.00,4.60,1.35,1.60
188.73,6.81,1.58,2.66,2.39,3.82,6.00,4.60,1.85,0.10
4.39,3.16,0.37,1.40,1.54,2.56,6.00,4.60,1.85,1.60
11569.21,593.57,1.47,3.10,2.26,4.80,6.50,0.10,0.85,0.10
1931.50,593.52,1.18,2.82,1.92,4.52,6.50,0.10,0.85,0.60
1058.91,595.55,1.09,2.72,1.81,4.43,6.50,0.10,0.85,1.10
730.99,597.80,1.02,2.67,1.73,4.37,6.50,0.10,0.85,1.60
11879.87,476.35,1.46,2.76,2.27,4.10,6.50,0.10,1.35,0.10
1968.93,474.67,1.18,2.46,1.94,3.82,6.50,0.10,1.35,0.60
1077.95,475.82,1.08,2.37,1.82,3.73,6.50,0.10,1.35,1.10
744.03,477.27,1.02,2.31,1.75,3.67,6.50,0.10,1.35,1.60
12145.80,411.17,1.46,2.56,2.29,3.71,6.50,0.10,1.85,0.10
2008.87,408.72,1.19,2.29,1.95,3.43,6.50,0.10,1.85,0.60
1095.62,409.14,1.08,2.18,1.84,3.34,6.50,0.10,1.85,1.10
757.29,410.12,1.03,2.12,1.77,3.28,6.50,0.10,1.85,1.60
1668.84,89.39,1.24,2.88,2.02,4.57,6.50,0.60,0.85,0.10
276.92,89.20,0.93,2.56,1.66,4.27,6.50,0.60,0.85,0.60
155.12,90.73,0.83,2.47,1.53,4.17,6.50,0.60,0.85,1.10
109.57,92.36,0.78,2.41,1.45,4.11,6.50,0.60,0.85,1.60
1784.35,73.75,1.24,2.53,2.03,3.88,6.50,0.60,1.35,0.10
288.84,72.26,0.94,2.21,1.67,3.58,6.50,0.60,1.35,0.60
160.12,73.08,0.85,2.13,1.54,3.47,6.50,0.60,1.35,1.10
112.51,74.15,0.79,2.05,1.46,3.41,6.50,0.60,1.35,1.60
1900.00,65.28,1.25,2.33,2.03,3.49,6.50,0.60,1.85,0.10
300.27,62.97,0.94,2.04,1.68,3.19,6.50,0.60,1.85,0.60
165.32,63.35,0.85,1.94,1.55,3.09,6.50,0.60,1.85,1.10
115.36,64.08,0.79,1.88,1.47,3.02,6.50,0.60,1.85,1.60
768.88,43.42,1.19,2.81,2.00,4.52,6.50,1.10,0.85,0.10
127.16,43.18,0.87,2.49,1.61,4.19,6.50,1.10,0.85,0.60
72.71,44.53,0.76,2.38,1.46,4.08,6.50,1.10,0.85,1.10
52.44,45.97,0.70,2.31,1.37,4.02,6.50,1.10,0.85,1.60
857.41,36.79,1.22,2.49,2.00,3.83,6.50,1.10,1.35,0.10
134.59,35.34,0.86,2.15,1.62,3.50,6.50,1.10,1.35,0.60
75.78,36.07,0.78,2.04,1.48,3.39,6.50,1.10,1.35,1.10
54.18,37.02,0.71,1.98,1.38,3.32,6.50,1.10,1.35,1.60
947.39,33.35,1.21,2.29,1.99,3.44,6.50,1.10,1.85,0.10
142.34,31.07,0.88,1.96,1.64,3.11,6.50,1.10,1.85,0.60
79.01,31.44,0.76,1.84,1.49,3.00,6.50,1.10,1.85,1.10
55.92,32.09,0.72,1.77,1.40,2.94,6.50,1.10,1.85,1.60
443.39,26.38,1.19,2.80,2.03,4.50,6.50,1.60,0.85,0.10
72.95,26.16,0.84,2.44,1.60,4.14,6.50,1.60,0.85,0.60
42.77,27.40,0.72,2.33,1.44,4.02,6.50,1.60,0.85,1.10
31.52,28.66,0.63,2.26,1.33,3.96,6.50,1.60,0.85,1.60
518.38,23.03,1.19,2.47,2.02,3.82,6.50,1.60,1.35,0.10
78.29,21.57,0.86,2.10,1.62,3.45,6.50,1.60,1.35,0.60
44.78,22.26,0.74,1.97,1.46,3.33,6.50,1.60,1.35,1.10
32.70,23.12,0.64,1.91,1.35,3.26,6.50,1.60,1.35,1.60
596.97,21.48,1.19,2.28,2.01,3.43,6.50,1.60,1.85,0.10
84.30,19.16,0.85,1.91,1.63,3.07,6.50,1.60,1.85,0.60
47.05,19.48,0.74,1.80,1.48,2.95,6.50,1.60,1.85,1.10
33.95,20.09,0.65,1.73,1.38,2.88,6.50,1.60,1.85,1.60
280.37,17.66,1.19,2.79,2.09,4.50,6.50,2.10,0.85,0.10
45.85,17.41,0.81,2.37,1.62,4.09,6.50,2.10,0.85,0.60
27.51,18.56,0.66,2.26,1.43,3.97,6.50,2.10,0.85,1.10
20.84,19.73,0.61,2.20,1.31,3.90,6.50,2.10,0.85,1.60
346.62,15.97,1.23,2.46,2.07,3.82,6.50,2.10,1.35,0.10
49.86,14.47,0.84,2.05,1.64,3.41,6.50,2.10,1.35,0.60
29.11,15.11,0.68,1.92,1.46,3.28,6.50,2.10,1.35,1.10
21.66,15.93,0.62,1.85,1.34,3.21,6.50,2.10,1.35,1.60
417.91,15.37,1.23,2.29,2.05,3.44,6.50,2.10,1.85,0.10
54.22,12.95,0.81,1.88,1.66,3.04,6.50,2.10,1.85,0.60
30.72,13.28,0.72,1.75,1.48,2.91,6.50,2.10,1.85,1.10
22.56,13.84,0.62,1.68,1.36,2.83,6.50,2.10,1.85,1.60
188.14,12.49,1.25,2.80,2.18,4.50,6.50,2.60,0.85,0.10
30.40,12.21,0.79,2.36,1.64,4.05,6.50,2.60,0.85,0.60
18.91,13.31,0.63,2.22,1.43,3.92,6.50,2.60,0.85,1.10
14.69,14.38,0.57,2.16,1.31,3.85,6.50,2.60,0.85,1.60
248.24,11.80,1.24,2.50,2.14,3.84,6.50,2.60,1.35,0.10
33.55,10.22,0.79,2.02,1.68,3.38,6.50,2.60,1.35,0.60
20.07,10.85,0.65,1.89,1.47,3.24,6.50,2.60,1.35,1.10
15.28,11.61,0.59,1.81,1.34,3.17,6.50,2.60,1.35,1.60
314.77,11.78,1.23,2.31,2.09,3.47,6.50,2.60,1.85,0.10
37.21,9.24,0.81,1.86,1.70,3.01,6.50,2.60,1.85,0.60
21.32,9.55,0.68,1.72,1.50,2.87,6.50,2.60,1.85,1.10
15.93,10.09,0.60,1.63,1.36,2.79,6.50,2.60,1.85,1.60
130.29,9.14,1.26,2.82,2.28,4.52,6.50,3.10,0.85,0.10
20.69,8.82,0.78,2.29,1.68,4.00,6.50,3.10,0.85,0.60
13.42,9.86,0.61,2.16,1.44,3.87,6.50,3.10,0.85,1.10
10.72,10.86,0.51,2.08,1.30,3.80,6.50,3.10,0.85,1.60
186.98,9.13,1.28,2.53,2.21,3.88,6.50,3.10,1.35,0.10
23.05,7.43,0.82,1.99,1.72,3.34,6.50,3.10,1.35,0.60
14.25,8.04,0.62,1.84,1.49,3.19,6.50,3.10,1.35,1.10
11.17,8.75,0.54,1.77,1.34,3.12,6.50,3.10,1.35,1.60
253.54,9.52,1.29,2.36,2.15,3.51,6.50,3.10,1.85,0.10
26.08,6.77,0.81,1.84,1.77,2.99,6.50,3.10,1.85,0.60
15.20,7.08,0.64,1.67,1.53,2.83,6.50,3.10,1.85,1.10
11.61,7.61,0.57,1.59,1.37,2.74,6.50,3.10,1.85,1.60
93.91,6.90,1.33,2.86,2.41,4.55,6.50,3.60,0.85,0.10
14.38,6.51,0.75,2.24,1.73,3.94,6.50,3.60,0.85,0.60
9.72,7.49,0.54,2.12,1.46,3.81,6.50,3.60,0.85,1.10
8.11,8.43,0.49,2.05,1.30,3.75,6.50,3.60,0.85,1.60
147.31,7.38,1.33,2.58,2.31,3.93,6.50,3.60,1.35,0.10
16.22,5.50,0.80,1.96,1.81,3.30,6.50,3.60,1.35,0.60
10.33,6.10,0.56,1.79,1.51,3.14,6.50,3.60,1.35,1.10
8.40,6.78,0.52,1.72,1.35,3.07,6.50,3.60,1.35,1.60
216.07,8.10,1.35,2.40,2.20,3.56,6.50,3.60,1.85,0.10
18.66,5.06,0.82,1.81,1.86,2.97,6.50,3.60,1.85,0.60
11.03,5.37,0.59,1.63,1.58,2.78,6.50,3.60,1.85,1.10
8.74,5.88,0.50,1.55,1.40,2.70,6.50,3.60,1.85,1.60
69.91,5.37,1.40,2.90,2.57,4.61,6.50,4.10,0.85,0.10
10.20,4.87,0.73,2.17,1.79,3.88,6.50,4.10,0.85,0.60
7.33,5.81,0.56,2.06,1.47,3.75,6.50,4.10,0.85,1.10
6.30,6.68,0.44,2.00,1.30,3.69,6.50,4.10,0.85,1.60
125.27,6.27,1.42,2.66,2.39,4.00,6.50,4.10,1.35,0.10
11.59,4.13,0.73,1.91,1.91,3.26,6.50,4.10,1.35,0.60
7.76,4.72,0.57,1.73,1.55,3.09,6.50,4.10,1.35,1.10
6.51,5.36,0.47,1.66,1.35,3.01,6.50,4.10,1.35,1.60
195.79,7.24,1.41,2.47,2.25,3.63,6.50,4.10,1.85,0.10
13.53,3.83,0.83,1.80,2.02,2.95,6.50,4.10,1.85,0.60
8.27,4.14,0.60,1.58,1.63,2.74,6.50,4.10,1.85,1.10
6.75,4.63,0.48,1.49,1.41,2.65,6.50,4.10,1.85,1.60
55.05,4.36,1.50,2.99,2.75,4.70,6.50,4.60,0.85,0.10
7.34,3.70,0.69,2.10,1.87,3.80,6.50,4.60,0.85,0.60
5.66,4.59,0.48,1.96,1.49,3.68,6.50,4.60,0.85,1.10
5.03,5.40,0.38,1.93,1.30,3.63,6.50,4.60,0.85,1.60
113.76,5.63,1.53,2.74,2.48,4.09,6.50,4.60,1.35,0.10
8.37,3.12,0.75,1.86,2.06,3.20,6.50,4.60,1.35,0.60
5.93,3.71,0.50,1.67,1.60,3.02,6.50,4.60,1.35,1.10
5.17,4.31,0.41,1.60,1.36,2.96,6.50,4.60,1.35,1.60
189.09,6.81,1.46,2.55,2.28,3.70,6.50,4.60,1.85,0.10
6.27,3.23,0.53,1.53,1.74,2.68,6.50,4.60,1.85,1.10
5.32,3.71,0.42,1.44,1.46,2.59,6.50,4.60,1.85,1.60
14415.84,687.63,1.40,3.03,2.13,4.74,7.00,0.10,0.85,0.10
2403.49,687.49,1.13,2.77,1.82,4.48,7.00,0.10,0.85,0.60
1314.18,689.49,1.05,2.69,1.71,4.39,7.00,0.10,0.85,1.10
908.37,691.72,0.98,2.63,1.65,4.33,7.00,0.10,0.85,1.60
14737.24,551.04,1.39,2.68,2.14,4.03,7.00,0.10,1.35,0.10
2445.28,549.40,1.13,2.43,1.83,3.78,7.00,0.10,1.35,0.60
1338.16,550.52,1.04,2.34,1.73,3.69,7.00,0.10,1.35,1.10
922.80,551.93,0.98,2.28,1.66,3.63,7.00,0.10,1.35,1.60
15038.10,475.05,1.39,2.49,2.15,3.64,7.00,0.10,1.85,0.10
2482.62,472.56,1.14,2.22,1.84,3.38,7.00,0.10,1.85,0.60
1355.66,473.00,1.06,2.15,1.74,3.30,7.00,0.10,1.85,1.10
937.18,474.00,0.99,2.08,1.67,3.24,7.00,0.10,1.85,1.60
2084.58,103.88,1.18,2.81,1.91,4.52,7.00,0.60,0.85,0.10
345.50,103.69,0.92,2.53,1.57,4.24,7.00,0.60,0.85,0.60
192.59,105.19,0.82,2.44,1.45,4.15,7.00,0.60,0.85,1.10
135.33,106.80,0.73,2.38,1.38,4.09,7.00,0.60,0.85,1.60
2209.97,85.26,1.19,2.47,1.91,3.82,7.00,0.60,1.35,0.10
359.11,83.82,0.91,2.19,1.58,3.54,7.00,0.60,1.35,0.60
198.26,84.62,0.80,2.09,1.46,3.45,7.00,0.60,1.35,1.10
138.79,85.67,0.74,2.04,1.39,3.39,7.00,0.60,1.35,1.60
2323.81,75.14,1.17,2.28,1.92,3.43,7.00,0.60,1.85,0.10
370.75,72.88,0.92,2.00,1.59,3.15,7.00,0.60,1.85,0.60
204.43,73.25,0.82,1.90,1.47,3.06,7.00,0.60,1.85,1.10
142.39,73.97,0.75,1.85,1.40,3.00,7.00,0.60,1.85,1.60
965.83,50.70,1.15,2.77,1.89,4.47,7.00,1.10,0.85,0.10
160.28,50.51,0.85,2.46,1.53,4.17,7.00,1.10,0.85,0.60
90.82,51.83,0.75,2.37,1.39,4.07,7.00,1.10,0.85,1.10
64.66,53.20,0.65,2.30,1.31,4.01,7.00,1.10,0.85,1.60
1062.16,42.55,1.14,2.43,1.88,3.77,7.00,1.10,1.35,0.10
168.41,41.18,0.86,2.11,1.53,3.47,7.00,1.10,1.35,0.60
93.67,41.88,0.72,2.02,1.40,3.37,7.00,1.10,1.35,1.10
66.69,42.81,0.66,1.95,1.33,3.31,7.00,1.10,1.35,1.60
1156.21,38.32,1.16,2.23,1.88,3.39,7.00,1.10,1.85,0.10
176.98,36.12,0.86,1.93,1.54,3.09,7.00,1.10,1.85,0.60
97.87,36.46,0.76,1.83,1.41,2.98,7.00,1.10,1.85,1.10
68.92,37.09,0.67,1.76,1.33,2.92,7.00,1.10,1.85,1.60
559.90,30.98,1.15,2.74,1.91,4.45,7.00,1.60,0.85,0.10
92.62,30.78,0.81,2.42,1.52,4.12,7.00,1.60,0.85,0.60
53.64,32.00,0.70,2.30,1.37,4.01,7.00,1.60,0.85,1.10
39.09,33.26,0.62,2.24,1.28,3.95,7.00,1.60,0.85,1.60
641.58,26.69,1.13,2.41,1.90,3.76,7.00,1.60,1.35,0.10
98.76,25.29,0.82,2.08,1.53,3.43,7.00,1.60,1.35,0.60
55.93,25.96,0.72,1.97,1.39,3.32,7.00,1.60,1.35,1.10
40.46,26.82,0.62,1.91,1.29,3.25,7.00,1.60,1.35,1.60
726.43,24.59,1.14,2.23,1.89,3.38,7.00,1.60,1.85,0.10
105.30,22.36,0.83,1.88,1.54,3.05,7.00,1.60,1.85,0.60
58.58,22.68,0.72,1.78,1.40,2.93,7.00,1.60,1.85,1.10
41.93,23.28,0.63,1.71,1.31,2.87,7.00,1.60,1.85,1.60
357.49,20.85,1.15,2.73,1.96,4.44,7.00,2.10,0.85,0.10
58.72,20.62,0.78,2.37,1.53,4.08,7.00,2.10,0.85,0.60
34.82,21.77,0.66,2.26,1.37,3.97,7.00,2.10,0.85,1.10
25.77,22.93,0.61,2.19,1.27,3.90,7.00,2.10,0.85,1.60
427.90,18.50,1.16,2.41,1.94,3.76,7.00,2.10,1.35,0.10
63.09,17.06,0.77,2.03,1.54,3.39,7.00,2.10,1.35,0.60
36.61,17.71,0.68,1.92,1.38,3.28,7.00,2.10,1.35,1.10
26.79,18.51,0.62,1.86,1.28,3.21,7.00,2.10,1.35,1.60
505.15,17.52,1.16,2.22,1.93,3.38,7.00,2.10,1.85,0.10
68.62,15.22,0.80,1.87,1.56,3.02,7.00,2.10,1.85,0.60
38.32,15.52,0.66,1.73,1.40,2.90,7.00,2.10,1.85,1.10
27.80,16.09,0.63,1.67,1.30,2.83,7.00,2.10,1.85,1.60
241.01,14.82,1.16,2.75,2.03,4.44,7.00,2.60,0.85,0.10
38.99,14.56,0.78,2.34,1.56,4.04,7.00,2.60,0.85,0.60
23.80,15.65,0.65,2.22,1.36,3.92,7.00,2.60,0.85,1.10
18.23,16.74,0.56,2.15,1.26,3.86,7.00,2.60,0.85,1.60
303.50,13.62,1.15,2.43,2.00,3.77,7.00,2.60,1.35,0.10
42.91,12.14,0.79,2.01,1.58,3.36,7.00,2.60,1.35,0.60
25.13,12.76,0.62,1.88,1.40,3.24,7.00,2.60,1.35,1.10
18.96,13.51,0.57,1.82,1.28,3.17,7.00,2.60,1.35,1.60
374.75,13.29,1.17,2.25,1.97,3.40,7.00,2.60,1.85,0.10
46.80,10.91,0.82,1.84,1.59,2.99,7.00,2.60,1.85,0.60
26.75,11.22,0.66,1.70,1.41,2.86,7.00,2.60,1.85,1.10
19.76,11.76,0.58,1.64,1.30,2.79,7.00,2.60,1.85,1.60
167.63,10.89,1.21,2.74,2.11,4.46,7.00,3.10,0.85,0.10
26.98,10.61,0.75,2.28,1.58,4.00,7.00,3.10,0.85,0.60
16.96,11.65,0.59,2.17,1.38,3.88,7.00,3.10,0.85,1.10
13.31,12.66,0.53,2.12,1.25,3.81,7.00,3.10,0.85,1.60
226.87,10.48,1.23,2.45,2.07,3.80,7.00,3.10,1.35,0.10
29.87,8.90,0.76,1.97,1.61,3.33,7.00,3.10,1.35,0.60
18.01,9.51,0.61,1.84,1.41,3.20,7.00,3.10,1.35,1.10
13.82,10.22,0.56,1.77,1.28,3.13,7.00,3.10,1.35,1.60
295.81,10.62,1.21,2.27,2.02,3.43,7.00,3.10,1.85,0.10
33.23,8.07,0.80,1.82,1.65,2.97,7.00,3.10,1.85,0.60
19.14,8.37,0.63,1.67,1.45,2.83,7.00,3.10,1.85,1.10
14.43,8.89,0.56,1.59,1.31,2.75,7.00,3.10,1.85,1.60
119.60,8.22,1.27,2.77,2.22,4.48,7.00,3.60,0.85,0.10
18.82,7.88,0.75,2.24,1.62,3.95,7.00,3.60,0.85,0.60
12.31,8.87,0.60,2.13,1.39,3.83,7.00,3.60,0.85,1.10
9.99,9.82,0.49,2.06,1.26,3.77,7.00,3.60,0.85,1.60
176.29,8.35,1.27,2.48,2.16,3.84,7.00,3.60,1.35,0.10
21.11,6.65,0.74,1.95,1.67,3.30,7.00,3.60,1.35,0.60
13.10,7.24,0.62,1.80,1.44,3.15,7.00,3.60,1.35,1.10
10.38,7.92,0.52,1.74,1.29,3.08,7.00,3.60,1.35,1.60
244.11,8.84,1.27,2.31,2.07,3.47,7.00,3.60,1.85,0.10
23.94,6.08,0.80,1.79,1.71,2.95,7.00,3.60,1.85,0.60
13.91,6.38,0.58,1.63,1.48,2.79,7.00,3.60,1.85,1.10
10.82,6.88,0.52,1.55,1.33,2.71,7.00,3.60,1.85,1.60
88.44,6.35,1.31,2.80,2.36,4.51,7.00,4.10,0.85,0.10
13.42,5.94,0.72,2.20,1.67,3.90,7.00,4.10,0.85,0.60
9.18,6.89,0.58,2.06,1.41,3.78,7.00,4.10,0.85,1.10
7.69,7.78,0.48,2.01,1.25,3.72,7.00,4.10,0.85,1.60
143.16,6.91,1.31,2.54,2.24,3.89,7.00,4.10,1.35,0.10
15.16,5.03,0.72,1.92,1.75,3.26,7.00,4.10,1.35,0.60
9.76,5.61,0.60,1.75,1.46,3.11,7.00,4.10,1.35,1.10
7.98,6.26,0.47,1.68,1.29,3.04,7.00,4.10,1.35,1.60
212.69,7.69,1.33,2.37,2.13,3.53,7.00,4.10,1.85,0.10
17.46,4.65,0.76,1.77,1.81,2.93,7.00,4.10,1.85,0.60
10.41,4.94,0.62,1.59,1.53,2.75,7.00,4.10,1.85,1.10
8.29,5.43,0.48,1.51,1.34,2.67,7.00,4.10,1.85,1.60
67.38,5.04,1.38,2.87,2.50,4.57,7.00,4.60,0.85,0.10
9.68,4.53,0.70,2.14,1.74,3.84,7.00,4.60,0.85,0.60
7.01,5.43,0.54,2.00,1.43,3.71,7.00,4.60,0.85,1.10
6.08,6.27,0.43,1.95,1.25,3.66,7.00,4.60,0.85,1.60
123.47,5.99,1.38,2.61,2.33,3.97,7.00,4.60,1.35,0.10
11.03,3.85,0.72,1.86,1.85,3.22,7.00,4.60,1.35,0.60
7.43,4.41,0.56,1.70,1.49,3.05,7.00,4.60,1.35,1.10
6.27,5.03,0.46,1.63,1.31,2.99,7.00,4.60,1.35,1.60
197.24,7.01,1.37,2.44,2.18,3.59,7.00,4.60,1.85,0.10
12.84,3.57,0.76,1.75,1.96,2.91,7.00,4.60,1.85,0.60
7.91,3.87,0.59,1.55,1.59,2.70,7.00,4.60,1.85,1.10
6.50,4.35,0.46,1.46,1.37,2.62,7.00,4.60,1.85,1.60
